{"T:0|0": [0.0036282709538659327, 0.0, 0.0, 0.0, 0.0, 0.0, 0.0, 0.0], "T:0|1": [0.0, 0.0, 0.006848446417247939, 0.0, 0.0, 0.0, 0.0, 0.0]}