{"T:0|0|4": [-0.00044383561643835615, 0.0, 0.0, 0.0, 0.0, 0.0, 0.0, 0.0], "T:0|4|1": [0.0, 0.0, 0.0, 0.0, 0.0, 0.0, 0.0, 0.0], "T:0|3|1": [0.0, 0.0, 0.0, 0.0, 0.0, 0.0, 0.0, 0.0], "T:0|2|1": [0.0, 0.0, 0.0, 0.0, 0.0, 0.0, 0.0, 0.0], "T:0|0|1": [0.0, 0.0, 0.0, 0.0, 0.0, 0.0, 0.0, 0.0], "T:0|1|1": [0.0, 0.0, 0.0, 0.0, 0.0, 0.0, 0.0, 0.0], "T:1|1|1": [0.0, 0.0, 0.0, 0.0, 0.0, 0.0, 0.0, 0.0], "T:1|0|1": [0.0, 0.0, 0.0, 0.0, 0.0, 0.0, 0.0, 0.0], "T:1|2|1": [0.0, -0.004953245715377732, 0.0, 0.0, 0.0, 0.0, 0.0, 0.0], "T:2|0|1": [-0.013068493150684932, 0.0, 0.0, -0.0008630136986301372, 0.0, 0.0, 0.0, 0.0], "T:2|1|1": [0.0, 0.0, 0.0, 0.0, 0.0, 0.0, 0.0, 0.0], "T:2|1|0": [0.0, 0.0, 0.0, 0.0, 0.0, 0.0, 0.0, 0.0], "T:2|2|1": [0.0, 0.0, 0.0, 0.0, 0.0, 0.0, 0.0, 0.0], "T:2|2|2": [0.0, 0.0, 0.0, 0.0, 0.0, 0.0, 0.0, 0.0], "T:2|1|2": [0.0, 0.0, 0.0, 0.0, 0.0, 0.0, 0.0, 0.0], "T:0|5|2": [0.0, 0.0, 0.0, 0.0, 0.0, 0.0, 0.0, 0.0], "T:0|3|2": [0.0, 0.0, 0.0, 0.0, 0.0, 0.0, 0.0, 0.0], "T:0|2|2": [0.0, 0.0, 0.0, 0.0, 0.0, 0.0, 0.0, 0.0], "T:0|0|2": [-0.00036986301369862986, 0.011033608116677234, 0.0, 0.0, 0.0, -0.00857142857142857, 0.0, 0.0], "T:0|1|2": [0.0, 0.0, 0.0, 0.0, 0.0, 0.0, 0.0, 0.0], "T:1|0|2": [0.005993187414500683, 0.0, 0.0, -0.005473972602739726, 0.0, 0.0, 0.0, 0.0], "T:1|1|2": [0.0, 0.0, 0.0, 0.0, 0.0, 0.0, 0.0, 0.0], "T:1|2|2": [0.0, 0.0, 0.0, 0.0, 0.0, 0.0, 0.0, 0.0], "T:2|0|2": [0.0, 0.0, -0.04783561643835617, 0.0, 0.0, 0.0, 0.02032955778186659, 0.0], "T:2|4|2": [0.0, 0.0, 0.0, 0.0, 0.0, 0.0, 0.0, 0.0], "T:2|3|2": [0.0, 0.0, 0.0, 0.0, 0.0, 0.0, 0.0, 0.0]}